Timestamp,EntryNo,TreeNo,TreeSpeciesName,AnimalInaturalistMeta-ID,AnimalName,AnimalCount,AnimalActivity,AnimalRemarks
2/10/2024 9:12:34,1,1,Peltophorum pterocarpum (Copperpod),-,-,0,-,-
2/10/2024 9:14:36,2,2,Bauhinia purpurea (Purple Bauhinia),-,-,0,-,-
2/10/2024 9:17:45,3,3,Peltophorum pterocarpum (Copperpod),-,-,0,-,-
2/10/2024 9:19:17,4,4,Plumeria alba (White Frangipani),-,-,0,-,-
2/10/2024 9:19:21,5,5,Unidentified / Other,-,-,0,-,-
2/10/2024 9:22:26,6,6,Cassia roxburghii (Red Cassia),-,Rodents / Reptiles,1,None,-
2/10/2024 9:23:21,7,7,Cocos nucifera (Coconut Palm),-,-,0,-,-
2/10/2024 9:26:51,8,8,Lannea coromandelica (Indian Ash),-,-,0,-,-
2/10/2024 9:31:33,9,9,Spathodea campanulata (African Tulip Tree),-,-,0,-,-
2/10/2024 10:46:20,10,10,Milletia pinnata (Pongamia),198869142,Bugs,4,None,-
2/10/2024 9:33:43,11,11,Dalbergia sissoo (Indian rosewood),-,-,0,-,-
2/10/2024 10:41:43,12,12,Phyllanthus emblica (Amla),-,-,0,-,-
2/10/2024 10:41:48,13,13,Unidentified / Other,-,-,0,-,-
2/10/2024 10:51:32,14,14,Milletia pinnata (Pongamia),-,Ants / Termites,50,None,Bark termites
2/10/2024 10:51:32,15,14,Milletia pinnata (Pongamia),198869533,Other Insects / Animals,1,None,Fungus on the trunk
2/10/2024 9:49:21,16,15,Milletia pinnata (Pongamia),-,-,0,-,-
2/10/2024 10:59:30,17,16,Milletia pinnata (Pongamia),198869966,Butterfly / Moth ,1,Resting,Bug
2/10/2024 10:59:30,18,16,Milletia pinnata (Pongamia),-,Butterfly / Moth ,1,None,Snail shell
2/10/2024 10:59:30,19,16,Milletia pinnata (Pongamia),-,Ants / Termites,50,None,Termites  on the branch 
2/10/2024 9:52:51,20,17,Azadirachta indica (Neem),-,-,0,-,-
2/10/2024 10:02:01,21,18,Parkia biglandulosa (Badminton-ball tree),-,-,0,-,-
2/10/2024 11:03:57,22,19,Spathodea campanulata (African Tulip Tree),-,Ants / Termites,50,Flying,Black ants
2/10/2024 10:02:40,23,20,Peltophorum pterocarpum (Copperpod),-,-,0,-,-
2/10/2024 9:56:31,24,21,Magnolia champaca (Champa),-,-,0,-,-
2/10/2024 10:07:00,25,22,Terminalia mantaly (Madagascar almond),-,-,0,-,-
2/10/2024 10:09:24,26,23,Tabebuia rosea (Pink poui),-,-,0,-,-
2/10/2024 10:46:51,27,24,Dypsis leutescens (Golden Cane Palm),-,-,0,-,-
2/10/2024 10:12:48,28,25,Plumeria rubra (Frangipani),-,-,0,-,-
2/10/2024 10:12:54,29,26,Unidentified / Other,-,-,0,-,-
2/10/2024 10:15:24,30,27,Leucaena leucocephala (Lead Tree/Subabul),-,-,0,-,-
2/10/2024 10:17:24,31,28,Neolamarckia cadamba (Kadamb),-,-,0,-,-
2/10/2024 10:20:51,32,29,Azadirachta indica (Neem),-,-,0,-,-
2/10/2024 10:21:13,33,30,Muntingia calabura (Singapore/Jamaican cherry),-,-,0,-,-
2/10/2024 10:25:11,34,31,Tecoma stans (Golden bell tree),-,-,0,-,-
2/10/2024 10:25:39,35,32,Unidentified / Other,-,-,0,-,-
2/10/2024 10:26:22,36,33,Ficus religiosa (Peepal),-,-,0,-,-
2/10/2024 9:35:42,37,34,Plumeria rubra (Frangipani),-,-,0,-,-
2/10/2024 10:19:56,38,35,Unidentified / Other,-,-,0,-,-
2/10/2024 9:08:34,39,36,Cassia roxburghii (Red Cassia),-,-,0,-,-
2/10/2024 9:11:08,40,37,Leucaena leucocephala (Lead Tree/Subabul),-,-,0,-,-
2/10/2024 10:20:05,41,38,Unidentified / Other,-,-,0,-,-
2/10/2024 9:46:17,42,39,Cordia macleodi (Macleod Cordia),-,-,0,-,-
2/10/2024 9:49:23,43,40,Albizia lebbeck (Siris),-,-,0,-,-
2/10/2024 9:46:23,44,41,Unidentified / Other,-,-,0,-,-
2/10/2024 10:41:30,45,42,Peltophorum pterocarpum (Copperpod),-,-,0,-,-
2/10/2024 9:00:46,46,43,Unidentified / Other,-,-,0,-,-
2/10/2024 10:25:02,47,44,Unidentified / Other,-,-,0,-,-
2/10/2024 10:26:59,48,45,Unidentified / Other,-,-,0,-,-
2/10/2024 9:24:10,49,46,Syzygium cumini (Jamun),-,-,0,-,-
2/10/2024 9:22:43,50,47,Unidentified / Other,-,-,0,None,-
2/10/2024 9:33:42,51,48,Unidentified / Other,-,-,0,-,-
2/10/2024 10:11:32,52,49,Sterculia foetida (Wild almond),-,-,0,-,-
2/10/2024 10:13:50,53,50,Nerium oleander (Oleander),-,-,0,-,-
2/10/2024 9:02:09,54,51,Milletia pinnata (Pongamia),1193595,Other Insects / Animals,500,Flying,-
2/10/2024 9:10:18,55,52,Mangifera indica (Mango - all varieties),-,-,0,-,-
2/10/2024 9:12:49,56,53,Azadirachta indica (Neem),-,-,0,-,-
2/10/2024 10:29:42,57,54,Unidentified / Other,-,-,0,-,-
2/10/2024 9:13:08,58,55,Unidentified / Other,-,-,0,None,-
2/10/2024 9:13:15,59,56,Unidentified / Other,-,-,0,-,-
2/10/2024 10:34:54,60,57,Unidentified / Other,-,-,0,-,-
2/10/2024 10:29:36,61,58,Tamarindus indica (Tamarind),-,-,0,-,-
2/10/2024 9:03:30,62,59,Azadirachta indica (Neem),-,Ants / Termites,50,None,White ants
2/10/2024 10:12:48,63,60,Thespesia populnea (Indian tulip tree),-,-,0,-,-
2/10/2024 10:23:57,64,61,Tabebuia pallida (Pale Pink Trumpet Tree),-,-,0,-,-
2/10/2024 10:25:41,65,62,Wodyetia bifurcata (Foxtail Palm),-,-,0,-,-
2/10/2024 10:04:38,66,63,Mangifera indica (Mango - all varieties),-,-,0,-,-
2/10/2024 9:12:19,67,64,Spathodea campanulata (African Tulip Tree),-,-,0,-,-
2/10/2024 9:17:38,68,65,Plumeria rubra (Frangipani),-,-,0,-,-
2/10/2024 9:36:16,69,66,Phoenix sylvestris (Khajur),-,-,0,-,-
2/10/2024 9:37:54,70,67,Caryota urens (Fish-tail Palm),-,-,0,-,-
2/10/2024 9:43:26,71,68,Parkia biglandulosa (Badminton-ball tree),-,-,0,-,-
2/10/2024 9:51:31,72,69,Senna siamea (Siamese Cassia),-,-,0,-,-
2/10/2024 10:03:35,73,70,Bauhinia purpurea (Purple Bauhinia),-,-,0,-,-
2/10/2024 9:50:10,74,71,Unidentified / Other,-,-,0,-,-
2/10/2024 9:04:54,75,72,Azadirachta indica (Neem),-,-,0,-,-
2/10/2024 8:22:18,76,73,Peltophorum pterocarpum (Copperpod),-,-,0,-,-
2/10/2024 8:42:50,77,74,Peltophorum pterocarpum (Copperpod),-,-,0,-,-
2/10/2024 8:44:44,78,75,Peltophorum pterocarpum (Copperpod),-,-,0,-,-
2/10/2024 8:46:46,79,76,Peltophorum pterocarpum (Copperpod),-,Birds,5,Resting,Normal 
2/10/2024 8:46:59,80,77,Unidentified / Other,-,-,0,-,-
2/10/2024 8:48:00,81,78,Peltophorum pterocarpum (Copperpod),-,-,0,-,-
2/10/2024 8:51:27,82,79,Delonix regia (Gulmohur),-,-,0,-,-
2/10/2024 8:52:19,83,80,Delonix regia (Gulmohur),-,-,0,-,-
2/10/2024 8:56:01,84,81,Peltophorum pterocarpum (Copperpod),-,Spiders,1,Resting,-
2/10/2024 8:56:01,85,81,Peltophorum pterocarpum (Copperpod),-,-,0,None,-
2/10/2024 8:56:01,86,81,Peltophorum pterocarpum (Copperpod),-,Ants / Termites,100,Flying,-
2/10/2024 8:58:21,87,82,Ziziphus xylopyrus (Kath Ber),-,-,0,-,-
2/10/2024 9:00:10,88,83,Tamarindus indica (Tamarind),-,-,0,-,-
2/10/2024 8:26:08,89,84,Peltophorum pterocarpum (Copperpod),-,-,0,-,-
2/10/2024 9:05:37,90,85,Grevillea robusta (Silky Oak),-,-,0,-,-
2/10/2024 9:09:31,91,86,Ziziphus mauritiana (Ber),-,-,0,-,-
2/10/2024 9:19:45,92,87,Caryota urens (Fish-tail Palm),-,-,0,-,-
2/10/2024 9:21:31,93,88,Peltophorum pterocarpum (Copperpod),-,-,0,-,-
2/10/2024 9:26:14,94,89,Parkia biglandulosa (Badminton-ball tree),-,-,0,-,-
2/10/2024 9:29:39,95,90,Delonix regia (Gulmohur),-,-,0,-,-
2/10/2024 9:30:33,96,91,Parkia biglandulosa (Badminton-ball tree),-,-,0,-,-
2/10/2024 9:32:40,97,92,Azadirachta indica (Neem),-,Ants / Termites,50,None,-
2/10/2024 9:35:54,98,93,Unidentified / Other,-,-,0,-,-
2/10/2024 9:36:46,99,94,Delonix regia (Gulmohur),-,-,0,-,-
2/10/2024 8:29:04,100,95,Prosopis juliflora (Vilayati keekar),-,-,0,-,-
2/10/2024 9:42:38,101,96,Milletia pinnata (Pongamia),-,-,0,-,-
2/10/2024 9:53:54,102,97,Unidentified / Other,-,-,0,-,-
2/10/2024 9:56:04,103,98,Borassus flabellifer (Toddy Palm),-,-,0,-,-
2/10/2024 8:29:44,104,99,Peltophorum pterocarpum (Copperpod),-,-,0,-,-
2/10/2024 8:33:16,105,100,Melia dubia (Malabar Neem),-,Other Insects / Animals,1,None,Dead 
2/10/2024 8:35:34,106,101,Peltophorum pterocarpum (Copperpod),-,-,0,-,-
2/10/2024 8:36:37,107,102,Peltophorum pterocarpum (Copperpod),-,-,0,-,-
2/10/2024 8:38:09,108,103,Peltophorum pterocarpum (Copperpod),-,-,0,-,-
2/10/2024 8:39:28,109,104,Peltophorum pterocarpum (Copperpod),-,-,0,-,-
2/10/2024 9:01:59,110,105,Millingtonia hortensis (Indian Cork Tree),-,-,0,-,-
2/10/2024 9:31:42,111,106,Moringa oleifera (Drumstick tree),-,-,0,-,-
2/10/2024 9:32:48,112,107,Peltophorum pterocarpum (Copperpod),-,-,0,-,-
2/10/2024 9:33:56,113,108,Peltophorum pterocarpum (Copperpod),-,-,0,-,-
2/10/2024 9:37:28,114,109,Peltophorum pterocarpum (Copperpod),-,-,0,-,-
2/10/2024 9:40:29,115,110,Peltophorum pterocarpum (Copperpod),-,-,0,-,-
2/10/2024 9:44:50,116,111,Peltophorum pterocarpum (Copperpod),-,Spiders,1,None,-
2/10/2024 9:47:00,117,112,Dalbergia sissoo (Indian rosewood),-,Other Insects / Animals,1,None,-
2/10/2024 9:48:41,118,113,Acacia nilotica (Babool),-,-,0,-,-
2/10/2024 9:59:17,119,114,Delonix regia (Gulmohur),-,-,0,-,-
2/10/2024 10:08:16,120,115,Azadirachta indica (Neem),-,Birds,1,None,-
2/10/2024 9:12:13,121,116,Terminalia arjuna (Arjuna),-,-,0,-,-
2/10/2024 10:15:43,122,117,Azadirachta indica (Neem),-,-,0,-,-
2/10/2024 10:16:51,123,118,Ficus racemosa (Country fig),-,-,0,-,-
2/10/2024 9:15:53,124,119,Peltophorum pterocarpum (Copperpod),-,-,0,-,-
2/10/2024 9:18:27,125,120,Ficus religiosa (Peepal),-,Ants / Termites,50,None,-
2/10/2024 9:19:44,126,121,Terminalia catappa (Indian Almond),-,-,0,-,-
2/10/2024 9:25:10,127,122,Peltophorum pterocarpum (Copperpod),-,-,0,-,-
2/10/2024 9:25:58,128,123,Peltophorum pterocarpum (Copperpod),-,-,0,-,-
2/10/2024 9:28:32,129,124,Prosopis juliflora (Vilayati keekar),-,-,0,-,-
2/10/2024 9:29:34,130,125,Peltophorum pterocarpum (Copperpod),-,-,0,-,-
2/10/2024 9:23:22,131,126,Unidentified / Other,-,Birds,1,Flying,-
2/10/2024 9:23:23,132,126,Unidentified / Other,-,Other Insects / Animals,1,Flying,Cat
2/10/2024 9:44:28,133,127,Unidentified / Other,-,-,0,-,-
2/10/2024 9:50:47,134,128,Unidentified / Other,-,-,0,-,-
2/10/2024 9:51:45,135,129,Unidentified / Other,-,-,0,-,-
2/10/2024 9:53:20,136,130,Unidentified / Other,-,-,0,-,-
2/10/2024 9:57:21,137,131,Unidentified / Other,-,-,0,-,-
2/10/2024 9:57:53,138,132,Adenanthera pavonia (Red Bead Tree),-,-,0,-,-
2/10/2024 9:58:31,139,133,Adenanthera pavonia (Red Bead Tree),-,-,0,-,-
2/10/2024 9:59:15,140,134,Adenanthera pavonia (Red Bead Tree),-,-,0,-,-
2/10/2024 10:05:43,141,135,Unidentified / Other,-,-,0,-,-
2/10/2024 10:08:27,142,136,Unidentified / Other,-,-,0,-,-
2/10/2024 9:30:39,143,137,Adenanthera pavonia (Red Bead Tree),-,-,0,-,-
2/10/2024 10:09:40,144,138,Unidentified / Other,-,-,0,-,-
2/10/2024 9:34:01,145,139,Unidentified / Other,-,-,0,-,-
2/10/2024 9:35:23,146,140,Unidentified / Other,-,-,0,-,-
2/10/2024 9:37:37,147,141,Unidentified / Other,-,-,0,-,-
2/10/2024 9:38:22,148,142,Unidentified / Other,-,-,0,-,-
2/10/2024 9:40:05,149,143,Unidentified / Other,-,-,0,-,-
2/10/2024 9:41:25,150,144,Unidentified / Other,-,-,0,-,-
2/10/2024 9:43:15,151,145,Unidentified / Other,-,-,0,-,-
2/10/2024 8:44:10,152,146,Polyalthia longifolia (Ashoka),198860596,Butterfly / Moth ,1,None,-
2/10/2024 9:47:02,153,147,Ficus benghalensis (Banyan),-,Ants / Termites,50,None,-
2/10/2024 9:54:26,154,148,Caryota urens (Fish-tail Palm),-,-,0,-,-
2/10/2024 10:01:40,155,149,Ficus religiosa (Peepal),-,Ants / Termites,50,None,-
2/10/2024 10:09:45,156,150,Artocarpus heterophyllus (Jackfruit),-,-,0,-,-
2/10/2024 10:21:26,157,151,Mimusops elengi (Moulsari),-,-,0,-,-
2/10/2024 10:44:27,158,152,Pithecellobium dulce (Jungle jalebi),-,-,0,-,-
2/10/2024 10:47:20,159,153,Butea monosperma (Flame of the Forest),-,Birds,1,Resting,"Purple rumped sunbird, Indian Robin, Green Beeeater, Tickell's blue flycatcher"
2/10/2024 8:55:03,160,154,Alstonia scholaris (Saptaparni/Scholar Tree),-,-,0,-,-
2/10/2024 8:44:15,161,155,Unidentified / Other,-,-,0,-,-
2/10/2024 9:00:04,162,156,Unidentified / Other,-,-,0,-,-
2/10/2024 8:57:46,163,157,Unidentified / Other,-,-,0,-,-
2/10/2024 9:11:19,164,158,Cassia roxburghii (Red Cassia),-,Ants / Termites,50,None,-
2/10/2024 9:00:11,165,159,Unidentified / Other,-,-,0,-,-
2/10/2024 9:20:12,166,160,Gliricidia sepium (Quickstick),-,Spiders,1,None,-
2/10/2024 9:00:33,167,161,Unidentified / Other,-,-,0,-,-
2/10/2024 9:21:31,168,162,Unidentified / Other,-,-,0,-,-
2/10/2024 9:29:17,169,163,Dalbergia sissoo (Indian rosewood),-,Spiders,1,None,-
2/10/2024 9:38:24,170,164,Peltophorum pterocarpum (Copperpod),-,-,0,-,-
2/10/2024 9:38:28,171,165,Unidentified / Other,-,-,0,-,-
2/10/2024 9:10:31,172,166,Conocarpus erectus (Button Mangrove),-,-,0,-,-
2/10/2024 9:35:07,173,167,Alstonia scholaris (Saptaparni/Scholar Tree),-,-,0,-,-
2/10/2024 9:36:55,174,168,Conocarpus lancifolius (Button Mangrove),-,-,0,-,-
2/10/2024 9:39:14,175,169,Conocarpus lancifolius (Button Mangrove),-,-,0,-,-
2/10/2024 9:40:27,176,170,Alstonia scholaris (Saptaparni/Scholar Tree),-,-,0,-,-
2/10/2024 9:42:20,177,171,Conocarpus lancifolius (Button Mangrove),-,-,0,-,-
2/10/2024 9:43:05,178,172,Conocarpus lancifolius (Button Mangrove),-,-,0,-,-
2/10/2024 9:46:18,179,173,Conocarpus lancifolius (Button Mangrove),-,-,0,-,-
2/10/2024 9:47:22,180,174,Alstonia scholaris (Saptaparni/Scholar Tree),-,-,0,-,-
2/10/2024 9:49:27,181,175,Conocarpus lancifolius (Button Mangrove),-,-,0,-,-
2/10/2024 9:51:15,182,176,Conocarpus lancifolius (Button Mangrove),-,-,0,-,-
2/10/2024 9:13:18,183,177,Conocarpus lancifolius (Button Mangrove),-,-,0,-,-
2/10/2024 9:52:20,184,178,Conocarpus lancifolius (Button Mangrove),-,-,0,-,-
2/10/2024 9:53:24,185,179,Conocarpus lancifolius (Button Mangrove),-,-,0,-,-
2/10/2024 10:11:55,186,180,Mitragyna parvifolia (Kaim),-,-,0,-,-
2/10/2024 10:12:26,187,181,Mitragyna parvifolia (Kaim),-,-,0,-,-
2/10/2024 10:15:52,188,182,Mitragyna parvifolia (Kaim),-,-,0,-,-
2/10/2024 10:25:11,189,183,Mitragyna parvifolia (Kaim),-,-,0,-,-
2/10/2024 10:32:35,190,184,Roystonea regia (Florida Royal Palm),-,-,0,-,-
2/10/2024 10:33:46,191,185,Mimusops elengi (Moulsari),-,-,0,-,-
2/10/2024 10:43:29,192,186,Unidentified / Other,198866702,Birds,1,Resting,Coucal
2/10/2024 9:15:24,193,187,Conocarpus lancifolius (Button Mangrove),-,-,0,-,-
2/10/2024 9:17:47,194,188,Conocarpus lancifolius (Button Mangrove),-,-,0,-,-
2/10/2024 9:18:40,195,189,Conocarpus lancifolius (Button Mangrove),-,-,0,-,-
2/10/2024 9:22:36,196,190,Alstonia scholaris (Saptaparni/Scholar Tree),-,-,0,-,-
2/10/2024 9:25:34,197,191,Conocarpus lancifolius (Button Mangrove),-,-,0,-,-
2/10/2024 9:27:04,198,192,Alstonia scholaris (Saptaparni/Scholar Tree),-,-,0,-,-
2/10/2024 9:32:09,199,193,Conocarpus lancifolius (Button Mangrove),-,-,0,-,-
2/10/2024 9:06:14,200,194,Unidentified / Other,-,-,0,-,-
2/10/2024 9:49:43,201,195,Spathodea campanulata (African Tulip Tree),123456789,Birds,3,Flying,Cuckoo
2/10/2024 9:50:51,202,196,Bauhinia purpurea (Purple Bauhinia),-,-,0,-,-
2/10/2024 9:54:19,203,197,Unidentified / Other,-,-,0,-,-
2/10/2024 9:56:21,204,198,Unidentified / Other,-,-,0,-,-
2/10/2024 10:03:14,205,199,Dalbergia sissoo (Indian rosewood),123456789,Ants / Termites,50,Resting,Ants
2/10/2024 10:05:40,206,200,Unidentified / Other,-,-,0,-,-
2/10/2024 10:07:49,207,201,Terminalia arjuna (Arjuna),-,-,0,-,-
2/10/2024 10:11:19,208,202,Mallotus philippensis (Kamala Tree),-,-,0,-,-
2/10/2024 10:14:42,209,203,Unidentified / Other,123456789,Ants / Termites,50,Resting,Ants and termites 
2/10/2024 10:17:09,210,204,Unidentified / Other,-,-,0,-,-
2/10/2024 9:08:55,211,205,Unidentified / Other,-,-,0,-,-
2/10/2024 10:22:28,212,206,Terminalia catappa (Indian Almond),-,-,0,-,-
2/10/2024 10:23:14,213,207,Butea monosperma (Flame of the Forest),-,-,0,-,-
2/10/2024 9:17:50,214,208,Unidentified / Other,-,-,0,-,-
2/10/2024 9:20:41,215,209,Unidentified / Other,-,-,0,-,-
2/10/2024 9:24:43,216,210,Unidentified / Other,-,-,0,-,-
2/10/2024 9:31:03,217,211,Unidentified / Other,-,-,0,-,-
2/10/2024 9:38:23,218,212,Unidentified / Other,-,-,0,-,-
2/10/2024 9:47:18,219,213,Unidentified / Other,-,-,0,-,-
2/10/2024 9:38:24,220,214,Nyctanthes arbor-tristis (Night-flowering jasmine),-,-,0,-,-
2/10/2024 9:47:46,221,215,Spathodea campanulata (African Tulip Tree),123456789,Birds,2,Flying,-
2/10/2024 9:19:02,222,216,Mimusops elengi (Moulsari),123456789,Bugs,1,Resting,"Chemeleon, seed bugs"
2/10/2024 9:52:40,223,217,Unidentified / Other,-,-,0,-,-
2/10/2024 9:56:46,224,218,Unidentified / Other,-,-,0,-,-
2/10/2024 9:59:09,225,219,Azadirachta indica (Neem),-,-,0,-,-
2/10/2024 10:01:09,226,220,Millingtonia hortensis (Indian Cork Tree),-,-,0,-,-
2/10/2024 10:02:07,227,221,Alstonia scholaris (Saptaparni/Scholar Tree),-,-,0,-,-
2/10/2024 10:05:41,228,222,Unidentified / Other,-,-,0,-,-
2/10/2024 10:06:59,229,223,Terminalia arjuna (Arjuna),-,-,0,-,-
2/10/2024 10:11:12,230,224,Mallotus philippensis (Kamala Tree),-,-,0,-,-
2/10/2024 10:15:16,231,225,Unidentified / Other,123456789,Ants / Termites,50,Resting,-
2/10/2024 10:17:15,232,226,Unidentified / Other,-,-,0,-,-
2/10/2024 9:21:59,233,227,Mimusops elengi (Moulsari),-,-,0,-,-
2/10/2024 10:21:09,234,228,Terminalia catappa (Indian Almond),-,-,0,-,-
2/10/2024 10:23:20,235,229,Butea monosperma (Flame of the Forest),-,-,0,-,-
2/10/2024 9:33:01,236,230,Millingtonia hortensis (Indian Cork Tree),-,-,0,-,-
2/10/2024 9:34:24,237,231,Plumeria obtusa (White Farangipani),-,-,0,-,-
2/10/2024 9:49:03,238,232,Melaleuca viminalis (Bottle brush),-,-,0,-,-
2/10/2024 9:50:55,239,233,Bauhinia purpurea (Purple Bauhinia),-,-,0,-,-
2/10/2024 8:45:57,240,234,Milletia pinnata (Pongamia),-,-,0,-,-
2/10/2024 8:49:33,241,235,Handroanthus impetiginosus (Pink trumpet tree),-,-,0,-,-
2/10/2024 8:53:36,242,236,Dalbergia sissoo (Indian rosewood),-,-,0,-,-
2/10/2024 8:56:25,243,237,Senna siamea (Siamese Cassia),-,-,0,-,-
2/10/2024 8:49:38,244,238,Unidentified / Other,-,-,0,-,-
2/10/2024 8:58:35,245,239,Cassia roxburghii (Red Cassia),-,-,0,-,-
2/10/2024 9:01:09,246,240,Syzygium cumini (Jamun),-,-,0,-,-
2/10/2024 9:01:15,247,241,Unidentified / Other,-,-,0,-,-
2/10/2024 9:04:50,248,242,Jacaranda mimosifolia (Jacaranda),-,-,0,-,-
2/10/2024 9:43:38,249,243,Cassia fistula (Indian Laburnum),-,-,0,-,-
2/10/2024 9:56:17,250,244,Milletia pinnata (Pongamia),-,-,0,-,-
2/10/2024 9:59:07,251,245,Spathodea campanulata (African Tulip Tree),-,-,0,-,-
2/10/2024 10:05:05,252,246,Spathodea campanulata (African Tulip Tree),-,-,0,-,-
2/10/2024 10:05:44,253,247,Spathodea campanulata (African Tulip Tree),-,-,0,-,-
2/10/2024 10:08:37,254,248,Butea monosperma (Flame of the Forest),-,-,0,-,-
2/10/2024 10:10:14,255,249,Butea monosperma (Flame of the Forest),-,-,0,-,-
2/10/2024 10:10:59,256,250,Butea monosperma (Flame of the Forest),-,-,0,-,-
2/10/2024 10:11:45,257,251,Butea monosperma (Flame of the Forest),-,-,0,-,-
2/10/2024 10:13:24,258,252,Butea monosperma (Flame of the Forest),-,-,0,-,-
2/10/2024 9:15:20,259,253,Azadirachta indica (Neem),-,-,0,-,-
2/10/2024 10:14:32,260,254,Butea monosperma (Flame of the Forest),-,-,0,-,-
2/10/2024 10:16:35,261,255,Peltophorum pterocarpum (Copperpod),-,-,0,-,-
2/10/2024 10:18:15,262,256,Ficus religiosa (Peepal),-,-,0,-,-
2/10/2024 10:22:51,263,257,Albizia lebbeck (Siris),-,-,0,-,-
2/10/2024 10:23:55,264,258,Tamarindus indica (Tamarind),-,-,0,-,-
2/10/2024 10:26:27,265,259,Azadirachta indica (Neem),-,-,0,-,-
2/10/2024 9:17:46,266,260,Mangifera indica (Mango - all varieties),-,-,0,-,-
2/10/2024 9:19:40,267,261,Mangifera indica (Mango - all varieties),-,-,0,-,-
2/10/2024 9:26:36,268,262,Delonix regia (Gulmohur),-,-,0,-,-
2/10/2024 9:28:38,269,263,Mangifera indica (Mango - all varieties),-,-,0,-,-
2/10/2024 9:33:47,270,264,Tamarindus indica (Tamarind),-,-,0,-,-
2/10/2024 9:37:09,271,265,Delonix regia (Gulmohur),-,-,0,-,-
2/10/2024 9:41:18,272,266,Terminalia arjuna (Arjuna),-,-,0,-,-
2/10/2024 9:17:46,273,267,Peltophorum pterocarpum (Copperpod),-,-,0,-,-
2/10/2024 9:19:46,274,268,Azadirachta indica (Neem),-,-,0,-,-
2/10/2024 9:28:24,275,269,Plumeria obtusa (White Farangipani),-,-,0,-,-
2/10/2024 9:31:16,276,270,Peltophorum pterocarpum (Copperpod),-,-,0,-,-
2/10/2024 9:33:49,277,271,Peltophorum pterocarpum (Copperpod),-,-,0,-,-
2/10/2024 9:35:51,278,272,Peltophorum pterocarpum (Copperpod),-,-,0,-,-
2/10/2024 9:42:17,279,273,Samanea saman (Rain tree),198865259,Ants / Termites,50,Flying,Ants
2/10/2024 9:44:12,280,274,Peltophorum pterocarpum (Copperpod),-,-,0,-,-
2/10/2024 9:46:11,281,275,Peltophorum pterocarpum (Copperpod),-,-,0,-,-
2/10/2024 9:49:00,282,276,Spathodea campanulata (African Tulip Tree),-,-,0,-,-
2/10/2024 9:50:01,283,277,Spathodea campanulata (African Tulip Tree),-,-,0,-,-
2/10/2024 9:51:43,284,278,Samanea saman (Rain tree),-,-,0,-,-
2/10/2024 9:53:36,285,279,Peltophorum pterocarpum (Copperpod),-,-,0,-,-
2/10/2024 9:55:38,286,280,Peltophorum pterocarpum (Copperpod),-,-,0,-,-
2/10/2024 9:59:29,287,281,Peltophorum pterocarpum (Copperpod),-,Ants / Termites,50,None,-
2/10/2024 10:02:00,288,282,Peltophorum pterocarpum (Copperpod),-,-,0,-,-
2/10/2024 10:06:57,289,283,Peltophorum pterocarpum (Copperpod),-,-,0,-,-
2/10/2024 10:08:59,290,284,Peltophorum pterocarpum (Copperpod),-,-,0,-,-
2/10/2024 10:11:13,291,285,Ailanthus excelsa (Tree of Heaven),-,-,0,-,-
2/10/2024 10:12:50,292,286,Samanea saman (Rain tree),-,Spiders,1,None,-
2/10/2024 9:07:30,293,287,Peltophorum pterocarpum (Copperpod),-,-,0,-,-
2/10/2024 10:14:13,294,288,Peltophorum pterocarpum (Copperpod),-,-,0,-,-
2/10/2024 10:16:06,295,289,Samanea saman (Rain tree),-,-,0,-,-
2/10/2024 10:20:02,296,290,Samanea saman (Rain tree),-,-,0,-,-
2/10/2024 10:22:26,297,291,Milletia pinnata (Pongamia),-,-,0,-,-
2/10/2024 10:27:14,298,292,Plumeria rubra (Frangipani),-,-,0,-,-
2/10/2024 10:29:23,299,293,Samanea saman (Rain tree),-,-,0,-,-
2/10/2024 9:09:13,300,294,Samanea saman (Rain tree),-,-,0,-,-
2/10/2024 9:10:17,301,295,Samanea saman (Rain tree),-,-,0,-,-
2/10/2024 9:11:38,302,296,Peltophorum pterocarpum (Copperpod),-,-,0,-,-
2/10/2024 9:12:59,303,297,Peltophorum pterocarpum (Copperpod),-,-,0,-,-
2/10/2024 9:14:28,304,298,Peltophorum pterocarpum (Copperpod),-,-,0,-,-
2/10/2024 9:15:49,305,299,Peltophorum pterocarpum (Copperpod),-,-,0,-,-
2/10/2024 9:11:06,306,300,Eucalyptus tereticornis (Forest redgum),198863174,Spiders,1,Flying,Spider
2/10/2024 9:11:06,307,300,Eucalyptus tereticornis (Forest redgum),198863389,Bugs,3,Flying,Unknown
2/10/2024 10:30:42,308,301,Azadirachta indica (Neem),-,Ants / Termites,1,None,-
2/10/2024 10:41:51,309,302,Unidentified / Other,-,Ants / Termites,10,Flying,"black and white, very small"
2/10/2024 10:41:51,310,302,Unidentified / Other,-,Ants / Termites,10,Flying,termites
2/10/2024 10:46:49,311,303,Senna siamea (Siamese Cassia),-,Other Insects / Animals,1,None,misletoe parasites
2/10/2024 10:52:36,312,304,Peltophorum pterocarpum (Copperpod),198869564,Other Insects / Animals,9,None,fungi
2/10/2024 10:52:36,313,304,Peltophorum pterocarpum (Copperpod),-,Ants / Termites,2,None,termites
2/10/2024 10:55:39,314,305,Milletia pinnata (Pongamia),-,Ants / Termites,50,None,termites 
2/10/2024 10:58:23,315,306,Peltophorum pterocarpum (Copperpod),-,Ants / Termites,20,None,terminus
2/10/2024 10:58:24,316,306,Peltophorum pterocarpum (Copperpod),-,Spiders,1,None,spider web
2/10/2024 10:59:03,317,307,Peltophorum pterocarpum (Copperpod),-,-,0,-,-
2/10/2024 11:47:41,318,308,Ficus benghalensis (Banyan),-,Birds,3,None,"coppersmith barbet, crow "
2/10/2024 8:17:19,319,309,Unidentified / Other,-,-,0,-,-
2/10/2024 9:19:06,320,310,Pterocarpus marsupium (Indian Kino),198863847,Bugs,1,Flying,Planococcus?? mealy bugs!
2/10/2024 9:19:06,321,310,Pterocarpus marsupium (Indian Kino),198863636,Spiders,1,Flying,Spider
2/10/2024 10:49:30,322,311,Senna siamea (Siamese Cassia),-,-,0,-,-
2/10/2024 9:26:45,323,312,Milletia pinnata (Pongamia),198864440,Ants / Termites,1,None,Eats bark and makes a case with the droppings
2/10/2024 9:33:28,324,313,Eucalyptus tereticornis (Forest redgum),-,-,0,-,-
2/10/2024 9:35:09,325,314,Azadirachta indica (Neem),-,-,0,-,-
2/10/2024 9:42:22,326,315,Lannea coromandelica (Indian Ash),-,-,0,-,-
2/10/2024 10:10:10,327,316,Albizia lebbeck (Siris),-,-,0,-,-
2/10/2024 10:22:24,328,317,Azadirachta indica (Neem),-,Other Insects / Animals,1,None,Leafy Mistletoe
2/10/2024 10:31:33,329,318,Lagerstroemia parviflora (Small-flowered Crape Myrtle),-,-,0,-,-
2/10/2024 8:58:22,330,319,Azadirachta indica (Neem),-,Other Insects / Animals,10,Flying,Small bees 
2/10/2024 8:58:22,331,319,Azadirachta indica (Neem),198861414,Ants / Termites,1000,Flying,"2 species of ants colony, bees,"
2/10/2024 8:58:22,332,319,Azadirachta indica (Neem),198862558,Spiders,5,Flying,Spiders 
2/10/2024 8:58:22,333,319,Azadirachta indica (Neem),198862075,Ants / Termites,50,None,Termites
2/10/2024 10:06:41,334,320,Acacia nilotica (Babool),198866743,Other Insects / Animals,10,None,Mushroom cluster growing on the trunk 
2/10/2024 10:06:42,335,320,Acacia nilotica (Babool),-,Other Insects / Animals,20,None,Many empty shells of snails
2/10/2024 10:06:42,336,320,Acacia nilotica (Babool),-,Spiders,1,Flying,-
2/10/2024 10:06:42,337,320,Acacia nilotica (Babool),-,Ants / Termites,10,None,Black ants
2/10/2024 10:11:38,338,321,Grewia flavescens (Donkey berry),198867288,Other Insects / Animals,1,None,Big fungi mushroom on the trunk
2/10/2024 10:19:02,339,322,Ziziphus mauritiana (Ber),-,Ants / Termites,50,None,Black ants
2/10/2024 10:19:02,340,322,Ziziphus mauritiana (Ber),198867691,Butterfly / Moth ,1,Resting,Caterpillar hanging to the branch
2/10/2024 10:19:02,341,322,Ziziphus mauritiana (Ber),-,Spiders,1,None,Cob web
2/10/2024 10:25:17,342,323,Milletia pinnata (Pongamia),-,-,0,-,-
2/10/2024 10:26:54,343,324,Leucaena leucocephala (Lead Tree/Subabul),198868109,Spiders,1,Flying,Small spider
2/10/2024 10:30:41,344,325,Milletia pinnata (Pongamia),-,Ants / Termites,50,Flying,Black ants
2/10/2024 10:30:41,345,325,Milletia pinnata (Pongamia),198868413,Rodents / Reptiles,1,Flying,"Leaf foed Gecko, small sized activ "
2/10/2024 10:34:52,346,326,Acacia nilotica (Babool),-,Ants / Termites,100,Flying,Black ants
2/10/2024 10:37:36,347,327,Albizia lebbeck (Siris),-,-,0,-,-
2/10/2024 9:13:37,348,328,Ficus religiosa (Peepal),-,Rodents / Reptiles,1,Flying,Garden lizard
2/10/2024 9:13:37,349,328,Ficus religiosa (Peepal),198863325,Ants / Termites,500,Flying,Rich foliage and red ants and termites
2/10/2024 9:13:37,350,328,Ficus religiosa (Peepal),-,Spiders,1,Flying,-
2/10/2024 9:23:39,351,329,Milletia pinnata (Pongamia),-,Spiders,1,Resting,Spider  and cobweb 
2/10/2024 9:23:40,352,329,Milletia pinnata (Pongamia),198864240,Ants / Termites,50,Flying,Black ants
2/10/2024 9:30:20,353,330,Milletia pinnata (Pongamia),-,Ants / Termites,50,Flying,Black ants
2/10/2024 9:30:19,354,330,Milletia pinnata (Pongamia),-,Birds,1,Flying,Sun bird
2/10/2024 9:38:19,355,331,Unidentified / Other,198831124,Birds,1,None,Purple sunbird
2/10/2024 9:37:45,356,332,Leucaena leucocephala (Lead Tree/Subabul),-,-,0,-,-
2/10/2024 9:47:17,357,333,Leucaena leucocephala (Lead Tree/Subabul),198865696,Rodents / Reptiles,1,Resting,Bark gecko 
2/10/2024 9:52:44,358,334,Milletia pinnata (Pongamia),-,Ants / Termites,10,Flying,Black ants
2/10/2024 9:56:02,359,335,Leucaena leucocephala (Lead Tree/Subabul),-,-,0,-,-
2/10/2024 9:58:37,360,336,Acacia nilotica (Babool),-,Other Insects / Animals,1,None,-
2/10/2024 9:02:10,361,337,Leucaena leucocephala (Lead Tree/Subabul),198862261,Ants / Termites,100,Flying,Black ants
2/10/2024 9:02:10,362,337,Leucaena leucocephala (Lead Tree/Subabul),-,Rodents / Reptiles,1,None,Rat whole
2/10/2024 9:02:10,363,337,Leucaena leucocephala (Lead Tree/Subabul),198862555,Ants / Termites,100,Flying,Red ant
2/10/2024 9:02:10,364,337,Leucaena leucocephala (Lead Tree/Subabul),198862640,Other Insects / Animals,1,None,Bag worm
2/10/2024 9:08:22,365,338,Leucaena leucocephala (Lead Tree/Subabul),198863230,Other Insects / Animals,1,None,Bag worm
2/10/2024 9:18:25,366,339,Peltophorum pterocarpum (Copperpod),-,Birds,2,None,Bird nests are found on tree
2/10/2024 9:18:26,367,339,Peltophorum pterocarpum (Copperpod),198863646,Bugs,1,None,Bark mantis
2/10/2024 9:18:26,368,339,Peltophorum pterocarpum (Copperpod),1988635963,Other Insects / Animals,50,None,Bag worms
2/10/2024 9:23:35,369,340,Leucaena leucocephala (Lead Tree/Subabul),-,Ants / Termites,50,Resting,Termites
2/10/2024 9:30:27,370,341,Milletia pinnata (Pongamia),1988654511,Other Insects / Animals,20,None,Effins found on leaves 
2/10/2024 9:30:28,371,341,Milletia pinnata (Pongamia),198864553,Other Insects / Animals,10,Resting,Insect found
2/10/2024 9:36:39,372,342,Peltophorum pterocarpum (Copperpod),198865196,Other Insects / Animals,2,None,Cocoon
2/10/2024 9:55:44,373,343,Tabebuia aurea (Tree of Gold/Caribbean trumpet tree),-,Spiders,2,None,-
2/10/2024 10:06:11,374,344,Peltophorum pterocarpum (Copperpod),198866751,Other Insects / Animals,5,Flying,Ootica and spider
2/10/2024 10:09:11,375,345,Peltophorum pterocarpum (Copperpod),-,Spiders,1,Flying,Eating 
2/10/2024 10:12:37,376,346,Azadirachta indica (Neem),-,-,0,-,-
2/10/2024 10:14:28,377,347,Unidentified / Other,-,-,0,-,-
2/10/2024 10:18:02,378,348,Peltophorum pterocarpum (Copperpod),-,Ants / Termites,52,None,-
2/10/2024 10:27:55,379,349,Peltophorum pterocarpum (Copperpod),-,-,0,-,-
2/10/2024 10:31:53,380,350,Spathodea campanulata (African Tulip Tree),-,Ants / Termites,50,None,-
2/10/2024 10:39:58,381,351,Unidentified / Other,-,Other Insects / Animals,2,None,-
2/10/2024 10:46:30,382,352,Conocarpus erectus (Button Mangrove),-,-,0,-,-
2/10/2024 10:48:54,383,353,Unidentified / Other,-,Other Insects / Animals,1,None,-
2/10/2024 10:55:23,384,354,Azadirachta indica (Neem),-,Bugs,1,None,Similar to mantis found shaking tail
2/10/2024 10:55:24,385,354,Azadirachta indica (Neem),-,Ants / Termites,50,None,Temites
2/10/2024 10:55:24,386,354,Azadirachta indica (Neem),-,Spiders,1,None,"Webs,"
2/10/2024 10:56:23,387,355,Delonix regia (Gulmohur),-,Birds,1,None,Bharadwaj bird
2/10/2024 11:00:01,388,356,Delonix regia (Gulmohur),-,-,0,-,-
2/10/2024 11:00:47,389,357,Delonix regia (Gulmohur),-,Ants / Termites,50,None,-
2/10/2024 9:41:02,390,358,Unidentified / Other,-,Ants / Termites,50,None,-
2/10/2024 9:44:54,391,359,Azadirachta indica (Neem),-,Ants / Termites,50,None,-
2/10/2024 9:47:49,392,360,Tabebuia aurea (Tree of Gold/Caribbean trumpet tree),-,-,0,-,-
2/10/2024 9:19:21,393,361,Tabebuia rosea (Pink poui),-,-,0,-,-
2/10/2024 9:54:52,394,362,Tabebuia rosea (Pink poui),-,-,0,-,-
2/10/2024 10:10:47,395,363,Leucaena leucocephala (Lead Tree/Subabul),-,Ants / Termites,50,Flying,Black ants
2/10/2024 10:13:47,396,364,Leucaena leucocephala (Lead Tree/Subabul),-,Ants / Termites,100,Flying,Small and big black ants present
2/10/2024 10:19:51,397,365,Wodyetia bifurcata (Foxtail Palm),-,-,0,-,-
2/10/2024 0:12:43,398,366,Samanea saman (Rain tree),-,-,0,-,-
2/10/2024 9:20:06,399,367,Markhamia lutea (Nile Tulip),-,-,0,-,-
2/10/2024 9:21:26,400,368,Millingtonia hortensis (Indian Cork Tree),-,Ants / Termites,50,Flying,Black ants
2/10/2024 9:23:37,401,369,Millingtonia hortensis (Indian Cork Tree),-,-,0,-,-
2/10/2024 9:25:21,402,370,Millingtonia hortensis (Indian Cork Tree),-,Ants / Termites,50,Flying,Lots of ants on bark and moving around the tree
2/10/2024 9:35:19,403,371,Millingtonia hortensis (Indian Cork Tree),-,Ants / Termites,25,Flying,-
2/10/2024 9:28:59,404,372,Delonix regia (Gulmohur),-,-,0,-,-
2/10/2024 9:39:46,405,373,Millingtonia hortensis (Indian Cork Tree),-,Spiders,1,Resting,-
2/10/2024 9:39:46,406,373,Millingtonia hortensis (Indian Cork Tree),-,Ants / Termites,30,Flying,Red Ants
2/10/2024 9:39:46,407,373,Millingtonia hortensis (Indian Cork Tree),-,Ants / Termites,50,Flying,Black ants
2/10/2024 9:54:04,408,374,Millingtonia hortensis (Indian Cork Tree),-,Ants / Termites,50,None,Black ants
2/10/2024 8:33:43,409,375,Peltophorum pterocarpum (Copperpod),-,Rodents / Reptiles,1,Flying,Squirrel 
2/10/2024 8:33:44,410,375,Peltophorum pterocarpum (Copperpod),-,Ants / Termites,50,Flying,"Ants, "
2/10/2024 9:46:12,411,376,Peltophorum pterocarpum (Copperpod),-,-,0,-,-
2/10/2024 9:51:27,412,377,Samanea saman (Rain tree),-,-,0,-,-
2/10/2024 9:55:42,413,378,Alocasia macrorrhizos (Giant Taro),-,Other Insects / Animals,1,None,Frog
2/10/2024 9:59:41,414,379,Delonix regia (Gulmohur),-,-,0,-,-
2/10/2024 10:01:58,415,380,Bambusa vulgaris (Golden Bamboo),-,-,0,-,-
2/10/2024 10:04:23,416,381,Syzygium cumini (Jamun),-,-,0,-,-
2/10/2024 10:09:15,417,382,Ziziphus mauritiana (Ber),-,Birds,2,Flying,-
2/10/2024 10:22:26,418,383,Sterculia foetida (Wild almond),-,-,0,-,-
2/10/2024 8:40:19,419,384,Syzygium cumini (Jamun),-,Ants / Termites,50,Flying,-
2/10/2024 8:40:19,420,384,Syzygium cumini (Jamun),-,Spiders,1,None,-
2/10/2024 8:46:44,421,385,Syzygium cumini (Jamun),-,Ants / Termites,50,None,"Big ants, termite "
2/10/2024 8:53:21,422,386,Terminalia catappa (Indian Almond),-,Ants / Termites,50,Flying,Ants 
2/10/2024 9:19:04,423,387,Tabebuia pallida (Pale Pink Trumpet Tree),-,-,0,-,-
2/10/2024 9:20:36,424,388,Dalbergia sissoo (Indian rosewood),-,Ants / Termites,50,Flying,Ants
2/10/2024 9:24:50,425,389,Leucaena leucocephala (Lead Tree/Subabul),-,Birds,2,None,Crows
2/10/2024 9:28:59,426,390,Azadirachta indica (Neem),-,-,0,-,-
2/10/2024 9:32:54,427,391,Ficus religiosa (Peepal),-,-,0,-,-
2/10/2024 9:45:30,428,392,Ficus religiosa (Peepal),-,-,0,-,-
2/10/2024 10:05:21,429,393,Peltophorum pterocarpum (Copperpod),-,-,0,-,-
2/10/2024 10:08:21,430,394,Milletia pinnata (Pongamia),-,-,0,-,-
2/10/2024 10:10:26,431,395,Azadirachta indica (Neem),-,-,0,-,-
2/10/2024 10:13:22,432,396,Thuja occidentalis (American arborvitae),-,-,0,-,-
2/10/2024 10:14:51,433,397,Hyophorbe lagenicaulis (Bottle Palm),-,-,0,-,-
2/10/2024 10:16:08,434,398,Ficus retusa (Ficus Panda),-,-,0,-,-
2/10/2024 10:17:15,435,399,Peltophorum pterocarpum (Copperpod),-,-,0,-,-
2/10/2024 10:19:46,436,400,Muntingia calabura (Singapore/Jamaican cherry),-,Bugs,1,Flying,Bug
2/10/2024 10:21:13,437,401,Magnolia champaca (Champa),-,Other Insects / Animals,1,Resting,Cocoon on the leaf
2/10/2024 10:22:44,438,402,Nyctanthes arbor-tristis (Night-flowering jasmine),-,-,0,-,-
2/10/2024 9:48:40,439,403,Aegle marmelos (Indian Bael),-,Spiders,1,None,-
2/10/2024 9:48:41,440,403,Aegle marmelos (Indian Bael),-,Ants / Termites,50,None,-
2/10/2024 10:24:03,441,404,Neolamarckia cadamba (Kadamb),-,-,0,-,-
2/10/2024 10:25:32,442,405,Ravenala madagascariensis (Traveller's palm),-,-,0,-,-
2/10/2024 10:27:03,443,406,Plumeria rubra (Frangipani),-,-,0,-,-
2/10/2024 10:30:17,444,407,Tamarindus indica (Tamarind),-,Birds,1,Flying,-
2/10/2024 10:36:50,445,408,Albizia lebbeck (Siris),-,-,0,-,-
2/10/2024 9:50:51,446,409,Phyllanthus emblica (Amla),-,-,0,-,-
2/10/2024 9:52:25,447,410,Tabernaemontana divaricata (Crepe jasmine),-,Ants / Termites,26,None,-
2/10/2024 9:54:46,448,411,Tabebuia rosea (Pink poui),-,-,0,-,-
2/10/2024 9:57:24,449,412,Azadirachta indica (Neem),-,-,0,-,-
2/10/2024 9:59:03,450,413,Parkia biglandulosa (Badminton-ball tree),-,-,0,-,-
2/10/2024 10:00:31,451,414,Peltophorum pterocarpum (Copperpod),-,-,0,-,-
2/10/2024 10:02:28,452,415,Tecoma stans (Golden bell tree),-,-,0,-,-
2/10/2024 8:59:55,453,416,Unidentified / Other,198862635,Ants / Termites,50,Resting,-
2/10/2024 9:17:56,454,417,Albizia amara (Krishna Siris),-,-,0,-,-
2/10/2024 9:19:26,455,418,Holoptelea integrifolia (Indian Elm),-,-,0,-,-
2/10/2024 9:20:40,456,419,Albizia amara (Krishna Siris),-,-,0,-,-
2/10/2024 9:22:47,457,420,Azadirachta indica (Neem),-,-,0,-,-
2/10/2024 9:24:19,458,421,Lannea coromandelica (Indian Ash),-,-,0,-,-
2/10/2024 9:25:32,459,422,Lannea coromandelica (Indian Ash),-,-,0,-,-
2/10/2024 9:28:37,460,423,Lannea coromandelica (Indian Ash),108864732,Ants / Termites,50,Flying,Termites
2/10/2024 9:30:07,461,424,Gardenia gummifera (Gummy cape jasmine),-,-,0,-,-
2/10/2024 9:31:49,462,425,Albizia amara (Krishna Siris),198864945,Ants / Termites,50,Resting,-
2/10/2024 9:34:15,463,426,Lannea coromandelica (Indian Ash),198865068,Ants / Termites,50,Resting,-
2/10/2024 9:02:54,464,427,Terminalia arjuna (Arjuna),198862859,Birds,1,Resting,Bird
2/10/2024 9:34:41,465,428,Terminalia anogeissiana (Axle wood tree),-,-,0,-,-
2/10/2024 9:35:45,466,429,Lannea coromandelica (Indian Ash),-,-,0,-,-
2/10/2024 9:37:31,467,430,Terminalia bellirica (Beheda),-,-,0,-,-
2/10/2024 9:39:54,468,431,Buchanania cochinchinensis (Chirauli Nut),-,-,0,-,-
2/10/2024 9:40:52,469,432,Unidentified / Other,-,-,0,-,-
2/10/2024 9:42:59,470,433,Senna auriculata (Tanner's Cassia),-,-,0,-,-
2/10/2024 9:44:39,471,434,Simarouba glauca (Paradise Tree),-,-,0,-,-
2/10/2024 9:46:23,472,435,Terminalia arjuna (Arjuna),-,-,0,-,-
2/10/2024 9:48:16,473,436,Ficus benghalensis (Banyan),-,-,0,-,-
2/10/2024 9:53:06,474,437,Ficus religiosa (Peepal),198866111,Birds,5,Flying,bullbull
2/10/2024 9:05:11,475,438,Ficus religiosa (Peepal),-,-,0,-,-
2/10/2024 9:56:13,476,439,Unidentified / Other,-,-,0,-,-
2/10/2024 9:57:00,477,440,Lagerstroemia parviflora (Small-flowered Crape Myrtle),-,-,0,-,-
2/10/2024 10:01:21,478,441,Diospyros chloroxylon (Green Ebony Persimmon),-,-,0,-,-
2/10/2024 10:03:21,479,442,Diospyros melanoxylon (Coromandel Ebony),-,-,0,-,-
2/10/2024 10:04:47,480,443,Albizia amara (Krishna Siris),-,-,0,-,-
2/10/2024 10:10:08,481,444,Firmiana colorata (Scarlet Sterculia),-,Birds,1,None,-
2/10/2024 9:06:40,482,445,Bauhinia purpurea (Purple Bauhinia),-,-,0,-,-
2/10/2024 9:08:57,483,446,Bauhinia purpurea (Purple Bauhinia),198863281,Ants / Termites,1,Resting,-
2/10/2024 9:10:57,484,447,Albizia amara (Krishna Siris),-,-,0,-,-
2/10/2024 9:12:10,485,448,Diospyros chloroxylon (Green Ebony Persimmon),-,-,0,-,-
2/10/2024 9:14:54,486,449,Bauhinia purpurea (Purple Bauhinia),-,-,0,-,-
2/10/2024 9:16:36,487,450,Lannea coromandelica (Indian Ash),-,-,0,-,-
2/10/2024 8:36:42,488,451,Ficus racemosa (Country fig),198860822,Ants / Termites,20,Flying,Black Ants
2/10/2024 9:17:59,489,452,Gardenia gummifera (Gummy cape jasmine),-,-,0,-,-
2/10/2024 9:24:37,490,453,Madhuca longifolia (Mahua),198864000,Ants / Termites,10,Flying,Black ants
2/10/2024 9:27:24,491,454,Prosopis juliflora (Vilayati keekar),-,-,0,-,-
2/10/2024 9:35:05,492,455,Ficus benghalensis (Banyan),-,-,0,-,-
2/10/2024 9:40:26,493,456,Terminalia arjuna (Arjuna),-,-,0,-,-
2/10/2024 9:42:34,494,457,Ficus racemosa (Country fig),-,-,0,-,-
2/10/2024 9:44:55,495,458,Ficus religiosa (Peepal),-,Ants / Termites,50,None,-
2/10/2024 9:47:33,496,459,Ficus benghalensis (Banyan),-,-,0,-,-
2/10/2024 9:52:34,497,460,Terminalia arjuna (Arjuna),-,-,0,-,-
2/10/2024 9:55:45,498,461,Azadirachta indica (Neem),-,-,0,-,-
2/10/2024 8:41:26,499,462,Unidentified / Other,198861109,Ants / Termites,50,Flying,Red ants
2/10/2024 9:58:13,500,463,Simarouba glauca (Paradise Tree),-,Ants / Termites,50,None,-
2/10/2024 10:00:46,501,464,Albizia amara (Krishna Siris),-,-,0,-,-
2/10/2024 8:44:49,502,465,Ceiba pentandra (White Silk Cotton),-,-,0,-,-
2/10/2024 8:51:05,503,466,Bauhinia purpurea (Purple Bauhinia),-,-,0,-,-
2/10/2024 9:02:30,504,467,Madhuca longifolia (Mahua),-,Ants / Termites,50,None,-
2/10/2024 9:06:12,505,468,Lannea coromandelica (Indian Ash),-,Ants / Termites,50,None,-
2/10/2024 9:09:39,506,469,Diospyros chloroxylon (Green Ebony Persimmon),-,-,0,-,-
2/10/2024 9:12:35,507,470,Lannea coromandelica (Indian Ash),-,-,0,-,-
2/10/2024 9:13:52,508,471,Diospyros chloroxylon (Green Ebony Persimmon),-,-,0,-,-
2/10/2024 8:36:56,509,472,Saraca asoca (Sita Ashoka),-,-,0,-,-
2/10/2024 9:27:28,510,473,Azadirachta indica (Neem),-,-,0,-,-
2/10/2024 9:30:27,511,474,Azadirachta indica (Neem),-,-,0,-,-
2/10/2024 9:33:12,512,475,Azadirachta indica (Neem),-,Birds,1,Resting,Pigeon 
2/10/2024 9:35:20,513,476,Unidentified / Other,-,Ants / Termites,10,None,"Appears like termites, no insects spotted "
2/10/2024 9:38:28,514,477,Gliricidia sepium (Quickstick),-,Rodents / Reptiles,1,Flying,Squirrel family unable to identify as very far 
2/10/2024 9:43:49,515,478,Azadirachta indica (Neem),-,Ants / Termites,50,None,-
2/10/2024 9:48:33,516,479,Albizia lebbeck (Siris),-,Birds,2,Flying,Pigeon species too far and high
2/10/2024 9:50:33,517,480,Azadirachta indica (Neem),-,-,0,-,-
2/10/2024 9:54:33,518,481,Millingtonia hortensis (Indian Cork Tree),-,-,0,-,-
2/10/2024 9:56:22,519,482,Millingtonia hortensis (Indian Cork Tree),-,-,0,-,-
2/10/2024 8:42:46,520,483,Azadirachta indica (Neem),-,-,0,-,-
2/10/2024 10:00:36,521,484,Stereospermum tetragonum (Yellow Snake Tree),-,-,0,-,-
2/10/2024 10:03:14,522,485,Stereospermum tetragonum (Yellow Snake Tree),-,-,0,-,-
2/10/2024 10:05:12,523,486,Azadirachta indica (Neem),-,-,0,-,-
2/10/2024 10:08:37,524,487,Stereospermum tetragonum (Yellow Snake Tree),-,Ants / Termites,40,None,Ant black on trunk 
2/10/2024 10:19:56,525,488,Alstonia scholaris (Saptaparni/Scholar Tree),-,-,0,None,-
2/10/2024 10:19:56,526,488,Alstonia scholaris (Saptaparni/Scholar Tree),-,Spiders,5,Flying,Unable to identify but spider family as moved away quick 
2/10/2024 10:23:16,527,489,Azadirachta indica (Neem),-,Ants / Termites,50,None,Appears to be a termite infestation on trunk. Also there are fungal spores noted on the upper regions. 
2/10/2024 10:30:38,528,490,Ficus microcarpa (Laurel Fig),-,Ants / Termites,50,Flying,"Termite infestation on trunk, black ants "
2/10/2024 10:33:37,529,491,Alstonia scholaris (Saptaparni/Scholar Tree),-,Ants / Termites,50,None,"Red ants, termite infestation, spider web spotted "
2/10/2024 10:41:06,530,492,Albizia lebbeck (Siris),-,-,0,-,-
2/10/2024 10:45:03,531,493,Eucalyptus tereticornis (Forest redgum),-,Ants / Termites,50,None,Can see termite infestation issue 
2/10/2024 8:47:05,532,494,Azadirachta indica (Neem),-,-,0,-,-
2/10/2024 10:50:01,533,495,Eucalyptus tereticornis (Forest redgum),-,-,0,-,-
2/10/2024 10:55:47,534,496,Leucaena leucocephala (Lead Tree/Subabul),-,Other Insects / Animals,1,None,-
2/10/2024 10:56:41,535,497,Unidentified / Other,-,Rodents / Reptiles,1,Flying,Looks like a chameleon but could not take picture as it moved fast 
2/10/2024 8:57:21,536,498,Azadirachta indica (Neem),-,Birds,5,Resting,"Pigeon species, unable to identify  on Merlin as distant "
2/10/2024 9:03:21,537,499,Azadirachta indica (Neem),-,Other Insects / Animals,6,None,"Appears to be 6 wasp nests, no wasps spotted. No other birds or insects "
2/10/2024 9:05:46,538,500,Azadirachta indica (Neem),-,-,0,None,-
2/10/2024 9:13:04,539,501,Unidentified / Other,-,-,0,-,-
2/10/2024 9:17:58,540,502,Azadirachta indica (Neem),-,-,0,-,-
2/10/2024 9:25:40,541,503,Unidentified / Other,-,-,0,-,-
2/10/2024 8:53:02,542,504,Albizia lebbeck (Siris),198862077,Ants / Termites,2,None,Tetraponera rufonigra
2/10/2024 8:53:02,543,504,Albizia lebbeck (Siris),198861971,Spiders,10,Resting,Observed nest
2/10/2024 9:06:53,544,505,Peltophorum pterocarpum (Copperpod),198863068,Ants / Termites,1,Flying,-
2/10/2024 9:15:16,545,506,Senna siamea (Siamese Cassia),198863579,Other Insects / Animals,1,Resting,house fly
2/10/2024 9:24:16,546,507,Senna siamea (Siamese Cassia),198863900,Ants / Termites,50,Flying,Tapunoma Melanocephalum
2/10/2024 9:24:16,547,507,Senna siamea (Siamese Cassia),198864063,Ants / Termites,50,Flying,Formicibae
2/10/2024 8:33:49,548,508,Delonix regia (Gulmohur),-,-,0,-,-
2/10/2024 10:02:31,549,509,Peltophorum pterocarpum (Copperpod),-,-,0,-,-
2/10/2024 10:13:51,550,510,Unidentified / Other,-,-,0,Flying,-
2/10/2024 10:21:08,551,511,Unidentified / Other,-,-,0,-,-
2/10/2024 10:48:38,552,512,Unidentified / Other,-,-,0,-,-
2/10/2024 11:02:49,553,513,Unidentified / Other,-,-,0,-,-
2/10/2024 11:07:03,554,514,Unidentified / Other,-,Other Insects / Animals,3,None,-
2/10/2024 8:48:41,555,515,Unidentified / Other,-,Other Insects / Animals,1,None,-
2/10/2024 8:57:28,556,516,Unidentified / Other,-,-,0,-,-
2/10/2024 9:11:41,557,517,Unidentified / Other,-,Other Insects / Animals,1,None,-
2/10/2024 9:14:27,558,518,Unidentified / Other,-,-,0,-,-
2/10/2024 9:51:37,559,519,Unidentified / Other,-,-,0,-,-
2/10/2024 9:53:55,560,520,Unidentified / Other,-,Rodents / Reptiles,1,None,-
2/10/2024 9:55:30,561,521,Unidentified / Other,-,Other Insects / Animals,1,None,-
2/10/2024 9:58:04,562,522,Unidentified / Other,-,Other Insects / Animals,1,None,-
2/10/2024 8:50:59,563,523,Peltophorum pterocarpum (Copperpod),-,Other Insects / Animals,1,None,Bee
2/10/2024 9:30:44,564,524,Peltophorum pterocarpum (Copperpod),-,-,0,-,-
2/10/2024 9:33:13,565,525,Wodyetia bifurcata (Foxtail Palm),-,-,0,-,-
2/10/2024 9:35:43,566,526,Wodyetia bifurcata (Foxtail Palm),-,-,0,-,-
2/10/2024 9:37:43,567,527,Wodyetia bifurcata (Foxtail Palm),-,-,0,-,-
2/10/2024 9:39:49,568,528,Wodyetia bifurcata (Foxtail Palm),-,-,0,-,-
2/10/2024 9:45:40,569,529,Bauhinia purpurea (Purple Bauhinia),-,Birds,1,None,Bird nests on tree
2/10/2024 9:49:52,570,530,Peltophorum pterocarpum (Copperpod),-,-,0,-,-
2/10/2024 9:58:12,571,531,Parkia biglandulosa (Badminton-ball tree),-,-,0,-,-
2/10/2024 10:04:53,572,532,Milletia pinnata (Pongamia),-,Other Insects / Animals,1,None,Infestation in leaves. 
2/10/2024 10:07:29,573,533,Phoenix sylvestris (Khajur),-,-,0,-,-
2/10/2024 8:55:43,574,534,Bauhinia purpurea (Purple Bauhinia),-,-,0,-,-
2/10/2024 10:13:25,575,535,Peltophorum pterocarpum (Copperpod),-,-,0,-,-
2/10/2024 10:16:07,576,536,Peltophorum pterocarpum (Copperpod),-,-,0,-,-
2/10/2024 10:21:17,577,537,Albizia lebbeck (Siris),-,-,0,-,-
2/10/2024 10:26:01,578,538,Unidentified / Other,-,-,0,-,-
2/10/2024 10:32:54,579,539,Unidentified / Other,-,-,0,-,-
2/10/2024 10:32:58,580,540,Unidentified / Other,-,-,0,-,-
2/10/2024 9:06:59,581,541,Unidentified / Other,-,-,0,-,-
2/10/2024 9:01:23,582,542,Terminalia catappa (Indian Almond),-,-,0,-,-
2/10/2024 9:08:03,583,543,Manilkara zapota (Chiku sapodilla),-,-,0,-,-
2/10/2024 9:13:03,584,544,Peltophorum pterocarpum (Copperpod),-,-,0,-,-
2/10/2024 9:17:05,585,545,Peltophorum pterocarpum (Copperpod),-,Birds,1,None,Bird nest but cannot identify bird
2/10/2024 9:21:47,586,546,Peltophorum pterocarpum (Copperpod),-,-,0,-,-
2/10/2024 9:27:16,587,547,Unidentified / Other,-,-,0,-,-
2/10/2024 10:00:25,588,548,Tecoma stans (Golden bell tree),-,-,0,-,-
2/10/2024 10:05:32,589,549,Canna indica (Indian Shot),-,-,0,-,-
2/10/2024 9:30:38,590,550,Unidentified / Other,-,-,0,-,-
2/10/2024 10:28:08,591,551,Milletia pinnata (Pongamia),-,-,0,-,-
2/10/2024 10:48:44,592,552,Milletia pinnata (Pongamia),-,-,0,-,-
2/10/2024 10:44:35,593,553,Milletia pinnata (Pongamia),-,-,0,-,-
2/10/2024 9:24:58,594,554,Spathodea campanulata (African Tulip Tree),-,-,0,-,-
2/10/2024 9:28:24,595,555,Tecoma stans (Golden bell tree),-,Ants / Termites,50,Resting,Ants
2/10/2024 10:50:52,596,556,Annona squamosa (Custard Apple),-,-,0,-,-
2/10/2024 10:45:40,597,557,Syzygium cumini (Jamun),-,-,0,-,-
2/10/2024 10:30:30,598,558,Ficus religiosa (Peepal),-,-,0,-,-
2/10/2024 9:34:14,599,559,Libidibia coriaria (Diwi-diwi),-,-,0,-,-
2/10/2024 10:51:12,600,560,Annona squamosa (Custard Apple),-,-,0,-,-
2/10/2024 10:46:26,601,561,Ficus benghalensis (Banyan),-,-,0,-,-
2/10/2024 10:31:31,602,562,Ficus religiosa (Peepal),-,-,0,-,-
2/10/2024 9:35:27,603,563,Spathodea campanulata (African Tulip Tree),-,Birds,1,Flying,Birds
2/10/2024 10:32:24,604,564,Azadirachta indica (Neem),-,-,0,-,-
2/10/2024 10:54:00,605,565,Ficus benghalensis (Banyan),-,-,0,-,-
2/10/2024 10:47:05,606,566,Mangifera indica (Mango - all varieties),-,-,0,-,-
2/10/2024 9:48:26,607,567,Unidentified / Other,-,-,0,-,-
2/10/2024 9:38:22,608,568,Mangifera indica (Mango - all varieties),-,-,0,-,-
2/10/2024 10:57:28,609,569,Phyllanthus emblica (Amla),-,-,0,-,-
2/10/2024 9:43:19,610,570,Azadirachta indica (Neem),-,Birds,3,Resting,Birds
2/10/2024 9:47:26,611,571,Syzygium cumini (Jamun),-,Other Insects / Animals,1,Resting,Dogs
2/10/2024 9:49:29,612,572,Nyctanthes arbor-tristis (Night-flowering jasmine),-,-,0,-,-
2/10/2024 9:54:44,613,573,Alstonia scholaris (Saptaparni/Scholar Tree),-,-,0,-,-
2/10/2024 8:15:03,614,574,Unidentified / Other,-,-,0,-,-
2/10/2024 9:02:01,615,575,Unidentified / Other,-,-,0,-,-
2/10/2024 9:05:37,616,576,Unidentified / Other,-,-,0,None,-
2/10/2024 9:07:36,617,577,Unidentified / Other,-,-,0,-,-
2/10/2024 9:10:47,618,578,Unidentified / Other,-,-,0,-,-
2/10/2024 9:14:23,619,579,Bambusa vulgaris (Golden Bamboo),-,-,0,-,-
2/10/2024 9:15:13,620,580,Polyalthia longifolia (Ashoka),-,-,0,-,-
2/10/2024 9:19:30,621,581,Unidentified / Other,-,-,0,-,-
2/10/2024 9:21:43,622,582,Tecoma stans (Golden bell tree),-,Ants / Termites,10,Flying,Common black ants
2/10/2024 9:52:33,623,583,Acacia nilotica (Babool),-,-,0,None,-
2/10/2024 9:54:12,624,584,Unidentified / Other,-,-,0,-,-
2/10/2024 8:27:44,625,585,Unidentified / Other,-,Ants / Termites,50,None,-
2/10/2024 9:56:04,626,586,Wodyetia bifurcata (Foxtail Palm),-,-,0,-,-
2/10/2024 10:13:01,627,587,Unidentified / Other,-,-,0,-,-
2/10/2024 8:30:58,628,588,Morinda citrifolia (Noni),-,-,0,-,-
2/10/2024 8:31:08,629,589,Unidentified / Other,-,-,0,-,-
2/10/2024 8:36:07,630,589,Unidentified / Other,-,Bugs,20,Resting,White bugs
2/10/2024 8:43:06,631,590,Unidentified / Other,-,-,0,-,-
2/10/2024 8:45:55,632,591,Annona squamosa (Custard Apple),-,-,0,-,-
2/10/2024 8:49:36,633,592,Unidentified / Other,-,Ants / Termites,20,Flying,Common black ants
2/10/2024 8:55:07,634,593,Unidentified / Other,-,-,0,-,-
2/10/2024 0:41:12,635,594,Citrus maxima (Pomelo),-,Birds,20,Flying,Sunbird
2/10/2024 9:56:17,636,595,Annona squamosa (Custard Apple),-,-,0,-,-
2/10/2024 9:59:22,637,596,Azadirachta indica (Neem),-,-,0,-,-
2/10/2024 10:01:38,638,597,Plumeria rubra (Frangipani),-,-,0,-,-
2/10/2024 10:05:11,639,598,Peltophorum pterocarpum (Copperpod),-,-,0,-,-
2/10/2024 10:08:53,640,599,Milletia pinnata (Pongamia),-,-,0,-,-
2/10/2024 10:09:52,641,600,Azadirachta indica (Neem),-,-,0,-,-
2/10/2024 10:16:31,642,601,Leucaena leucocephala (Lead Tree/Subabul),-,-,0,-,-
2/10/2024 10:24:17,643,602,Samanea saman (Rain tree),-,-,0,-,-
2/10/2024 10:25:53,644,603,Ceiba pentandra (White Silk Cotton),-,-,0,-,-
2/10/2024 9:12:53,645,604,Peltophorum pterocarpum (Copperpod),-,-,0,-,-
2/10/2024 9:21:45,646,605,Ficus religiosa (Peepal),-,Birds,1,Flying,-
2/10/2024 10:30:48,647,606,Peltophorum pterocarpum (Copperpod),-,-,0,-,-
2/10/2024 10:31:56,648,607,Samanea saman (Rain tree),-,-,0,-,-
2/10/2024 10:33:55,649,608,Milletia pinnata (Pongamia),-,-,0,-,-
2/10/2024 10:38:30,650,609,Peltophorum pterocarpum (Copperpod),-,-,0,-,-
2/10/2024 10:39:18,651,610,Azadirachta indica (Neem),-,-,0,-,-
2/10/2024 9:29:39,652,611,Artocarpus heterophyllus (Jackfruit),-,-,0,-,-
2/10/2024 9:34:30,653,612,Peltophorum pterocarpum (Copperpod),-,-,0,-,-
2/10/2024 9:38:14,654,613,Azadirachta indica (Neem),-,-,0,-,-
2/10/2024 9:43:39,655,614,Milletia pinnata (Pongamia),-,-,0,-,-
2/10/2024 9:48:15,656,615,Wodyetia bifurcata (Foxtail Palm),-,-,0,-,-
2/10/2024 9:49:47,657,616,Peltophorum pterocarpum (Copperpod),-,-,0,-,-
2/10/2024 9:53:33,658,617,Ficus benghalensis (Banyan),-,-,0,-,-
2/10/2024 10:05:16,659,618,Plumeria obtusa (White Farangipani),-,-,0,-,-
2/10/2024 10:19:30,660,619,Unidentified / Other,-,-,0,-,-
2/10/2024 10:05:44,661,620,Tabernaemontana divaricata (Crepe jasmine),-,-,0,-,-
2/10/2024 10:07:33,662,621,Holoptelea integrifolia (Indian Elm),-,-,0,-,-
2/10/2024 10:08:21,663,622,Holoptelea integrifolia (Indian Elm),-,-,0,-,-
2/10/2024 10:10:43,664,623,Unidentified / Other,-,-,0,-,-
2/10/2024 10:11:22,665,624,Nerium oleander (Oleander),-,-,0,-,-
2/10/2024 10:12:37,666,625,Unidentified / Other,-,-,0,-,-
2/10/2024 10:15:16,667,626,Plumeria rubra (Frangipani),-,-,0,-,-
2/10/2024 10:16:46,668,627,Milletia pinnata (Pongamia),-,-,0,-,-
2/10/2024 8:48:42,669,628,Samanea saman (Rain tree),198861663,Birds,1,None,-
2/10/2024 9:50:55,670,629,Terminalia catappa (Indian Almond),-,-,0,-,-
2/10/2024 10:01:24,671,630,Leucaena leucocephala (Lead Tree/Subabul),-,-,0,-,-
2/10/2024 10:07:28,672,631,Azadirachta indica (Neem),-,Birds,1,None,-
2/10/2024 11:26:13,673,632,Conocarpus lancifolius (Button Mangrove),-,-,0,-,-
2/10/2024 10:14:50,674,633,Alstonia scholaris (Saptaparni/Scholar Tree),-,-,0,-,-
2/10/2024 11:26:24,675,634,Unidentified / Other,-,-,0,-,-
2/10/2024 8:55:52,676,635,Melaleuca viminalis (Bottle brush),-,Birds,1,None,Sunbird
2/10/2024 9:02:04,677,636,Azadirachta indica (Neem),198861663,Birds,1,None,Sun bird
2/10/2024 9:08:14,678,637,Samanea saman (Rain tree),-,Birds,1,None,Egret bird
2/10/2024 9:08:14,679,637,Samanea saman (Rain tree),-,Birds,1,None,House crow
2/10/2024 9:08:14,680,637,Samanea saman (Rain tree),-,Birds,1,None,Mina
2/10/2024 9:20:15,681,638,Prosopis juliflora (Vilayati keekar),-,-,0,-,-
2/10/2024 9:29:07,682,639,Peltophorum pterocarpum (Copperpod),-,-,0,-,-
2/10/2024 9:38:17,683,640,Prosopis cineraria (Khejri),-,Ants / Termites,50,None,-
2/10/2024 9:44:52,684,641,Milletia pinnata (Pongamia),-,Ants / Termites,50,None,-
2/10/2024 10:24:44,685,642,Alstonia scholaris (Saptaparni/Scholar Tree),198865956,Other Insects / Animals,2,Resting,-
2/10/2024 10:39:15,686,643,Ficus religiosa (Peepal),-,-,0,-,-
2/10/2024 10:39:49,687,644,Milletia pinnata (Pongamia),-,-,0,-,-
2/10/2024 10:40:42,688,645,Bougainvillea spectabilis (Great Bougainvillea),-,-,0,-,-
2/10/2024 10:41:04,689,646,Gliricidia sepium (Quickstick),-,-,0,-,-
2/10/2024 10:41:35,690,647,Unidentified / Other,-,Butterfly / Moth ,1,Resting,Butterfly
2/10/2024 10:41:55,691,648,Peltophorum pterocarpum (Copperpod),-,-,0,-,-
2/10/2024 10:42:38,692,649,Unidentified / Other,-,Ants / Termites,1,None,Fly on the grass
2/10/2024 10:43:46,693,650,Unidentified / Other,-,-,0,-,-
2/10/2024 10:33:07,694,651,Peltophorum pterocarpum (Copperpod),-,-,0,-,-
2/10/2024 10:33:35,695,652,Unidentified / Other,-,-,0,-,-
2/10/2024 10:44:45,696,653,Unidentified / Other,-,Butterfly / Moth ,1,None,Grasshopper 
2/10/2024 10:35:08,697,654,Polyalthia longifolia (Ashoka),-,-,0,-,-
2/10/2024 10:45:24,698,655,Unidentified / Other,-,Ants / Termites,1,None,Housefly on the grass
2/10/2024 10:32:22,699,656,Tabebuia pallida (Pale Pink Trumpet Tree),-,-,0,None,-
2/10/2024 10:42:33,700,657,Bougainvillea spectabilis (Great Bougainvillea),-,-,0,-,-
2/10/2024 10:33:06,701,658,Terminalia catappa (Indian Almond),-,-,0,-,-
2/10/2024 10:33:38,702,659,Cocos nucifera (Coconut Palm),-,-,0,-,-
2/10/2024 10:33:46,703,660,Leucaena leucocephala (Lead Tree/Subabul),-,Other Insects / Animals,1,None,-
2/10/2024 10:33:48,704,661,Milletia pinnata (Pongamia),-,-,0,-,-
2/10/2024 10:35:25,705,662,Mangifera indica (Mango - all varieties),-,-,0,-,-
2/10/2024 10:46:57,706,663,Plumeria obtusa (White Farangipani),-,-,0,-,-
2/10/2024 10:35:46,707,664,Terminalia catappa (Indian Almond),-,-,0,-,-
2/10/2024 10:48:16,708,665,Ficus benjamina (Weeping Fig),-,-,0,-,-
2/10/2024 10:16:42,709,666,Peltophorum pterocarpum (Copperpod),-,-,0,-,-
2/10/2024 10:50:02,710,667,Melia dubia (Malabar Neem),-,-,0,-,-
2/10/2024 10:19:02,711,668,Unidentified / Other,-,-,0,-,-
2/10/2024 10:36:03,712,669,Areca catechu (Areca Palm),-,-,0,-,-
2/10/2024 10:36:26,713,670,Araucaria heterophylla (Norfolk Island pine),-,-,0,-,-
2/10/2024 10:18:25,714,671,Unidentified / Other,-,-,0,-,-
2/10/2024 11:19:54,715,672,Melia dubia (Malabar Neem),-,-,0,-,-
2/10/2024 10:36:52,716,673,Araucaria heterophylla (Norfolk Island pine),-,-,0,-,-
2/10/2024 11:24:47,717,674,Melia dubia (Malabar Neem),-,-,0,-,-
2/10/2024 11:26:18,718,675,Mimusops elengi (Mamajen),-,-,0,-,-
2/10/2024 10:37:09,719,676,Sterculia foetida (Wild almond),-,-,0,-,-
2/10/2024 10:37:26,720,677,Sterculia foetida (Wild almond),-,-,0,-,-
2/10/2024 10:37:45,721,678,Bauhinia purpurea (Purple Bauhinia),-,-,0,-,-
2/10/2024 10:38:09,722,679,Tabebuia pallida (Pale Pink Trumpet Tree),-,-,0,-,-
2/10/2024 10:38:27,723,680,Tabebuia pallida (Pale Pink Trumpet Tree),-,-,0,-,-
2/10/2024 10:43:49,724,681,Leucaena leucocephala (Lead Tree/Subabul),-,-,0,-,-
2/10/2024 10:35:25,725,682,Acalypha wilkesiana (Copperleaf),-,-,0,-,-
2/10/2024 10:50:16,726,683,Filicium decipiens (Fern Tree),-,-,0,-,-
2/10/2024 10:34:41,727,684,Milletia pinnata (Pongamia),-,-,0,-,-
2/10/2024 10:34:11,728,685,Peltophorum pterocarpum (Copperpod),-,-,0,-,-
2/10/2024 10:35:43,729,686,Bougainvillea spectabilis (Great Bougainvillea),-,-,0,-,-
2/10/2024 10:38:45,730,687,Peltophorum pterocarpum (Copperpod),-,-,0,-,-
2/10/2024 10:36:01,731,688,Polyalthia longifolia (Ashoka),-,-,0,-,-
2/10/2024 10:34:31,732,689,Peltophorum pterocarpum (Copperpod),-,-,0,-,-
2/10/2024 10:37:23,733,690,Ficus benjamina (Weeping Fig),-,-,0,-,-
2/10/2024 10:36:37,734,691,Peltophorum pterocarpum (Copperpod),-,-,0,-,-
2/10/2024 10:38:34,735,691,Peltophorum pterocarpum (Copperpod),198867974,Butterfly / Moth ,1,Resting,-
2/10/2024 10:37:50,736,692,Alstonia scholaris (Saptaparni/Scholar Tree),-,-,0,-,-
2/10/2024 10:39:12,737,693,Cycas revoluta (Sago Palm),-,-,0,-,-
2/10/2024 10:38:07,738,694,Samanea saman (Rain tree),-,-,0,-,-
2/10/2024 10:39:54,739,695,Hamelia patens (Scarlet bush),-,-,0,-,-
2/10/2024 10:05:49,740,696,Bougainvillea spectabilis (Great Bougainvillea),-,-,0,-,-
2/10/2024 10:25:36,741,697,Azadirachta indica (Neem),-,Birds,1,None,Pigeon
2/10/2024 10:29:10,742,698,Cocos nucifera (Coconut Palm),-,-,0,None,-
2/10/2024 10:33:49,743,699,Unidentified / Other,-,-,0,-,-
2/10/2024 10:34:19,744,700,Sterculia foetida (Wild almond),-,-,0,-,-
2/10/2024 10:40:21,745,701,Filicium decipiens (Fern Tree),-,-,0,-,-
2/10/2024 10:41:21,746,702,Azadirachta indica (Neem),-,-,0,-,-
2/10/2024 10:41:57,747,703,Peltophorum pterocarpum (Copperpod),-,-,0,-,-
2/10/2024 10:37:00,748,704,Peltophorum pterocarpum (Copperpod),-,Rodents / Reptiles,1,None,-
2/10/2024 10:38:31,749,705,Leucaena leucocephala (Lead Tree/Subabul),-,-,0,-,-
2/10/2024 10:42:28,750,706,Peltophorum pterocarpum (Copperpod),-,-,0,-,-
2/10/2024 10:36:14,751,707,Araucaria heterophylla (Norfolk Island pine),-,-,0,-,-
2/10/2024 10:35:11,752,708,Sterculia foetida (Wild almond),-,-,0,-,-
2/10/2024 10:33:42,753,709,Tabebuia pallida (Pale Pink Trumpet Tree),-,-,0,-,-
2/10/2024 10:33:14,754,710,Peltophorum pterocarpum (Copperpod),-,-,0,-,-
2/10/2024 10:05:59,755,711,Unidentified / Other,-,-,0,-,-
2/10/2024 10:37:25,756,712,Unidentified / Other,-,Ants / Termites,51,None,Ants & Spiders
2/10/2024 10:38:51,757,713,Peltophorum pterocarpum (Copperpod),-,-,0,-,-
2/10/2024 10:06:42,758,714,Unidentified / Other,-,-,0,-,-
2/10/2024 10:53:14,759,715,Annona squamosa (Custard Apple),-,-,0,-,-
2/10/2024 14:26:02,760,716,Punica granatum (Pomegranate),-,-,0,-,-
2/10/2024 14:29:09,761,717,Roystonea regia (Florida Royal Palm),-,-,0,-,-
2/10/2024 10:26:10,762,718,Alstonia scholaris (Saptaparni/Scholar Tree),198865956,Other Insects / Animals,2,Resting,-
2/10/2024 10:35:31,763,719,Peltophorum pterocarpum (Copperpod),-,-,0,-,-
2/10/2024 10:35:50,764,720,Peltophorum pterocarpum (Copperpod),-,-,0,-,-
2/10/2024 10:37:56,765,721,Bauhinia purpurea (Purple Bauhinia),-,-,0,-,-
2/10/2024 10:38:21,766,722,Unidentified / Other,-,-,0,-,-
2/10/2024 10:40:00,767,723,Samanea saman (Rain tree),-,-,0,-,-
2/10/2024 10:57:17,768,724,Milletia pinnata (Pongamia),-,-,0,-,-
2/10/2024 10:40:41,769,725,Senna siamea (Siamese Cassia),-,-,0,-,-
2/10/2024 10:27:47,770,726,Senna surattensis (Scrambled-egg Tree),-,-,0,-,-
2/10/2024 10:01:41,771,727,Samanea saman (Rain tree),198866314,Ants / Termites,2,Resting,-
2/10/2024 10:03:00,772,728,Samanea saman (Rain tree),198866314,Birds,2,Flying,-
2/10/2024 10:43:06,773,729,Delonix regia (Gulmohur),-,-,0,-,-
2/10/2024 10:43:31,774,730,Peltophorum pterocarpum (Copperpod),-,-,0,None,-
2/10/2024 10:43:58,775,731,Peltophorum pterocarpum (Copperpod),-,-,0,-,-
2/10/2024 10:44:16,776,732,Bauhinia purpurea (Purple Bauhinia),-,-,0,-,-
2/10/2024 10:47:16,777,733,Dypsis leutescens (Golden Cane Palm),-,-,0,-,-
2/10/2024 10:49:13,778,734,Eucalyptus tereticornis (Forest redgum),-,-,0,-,-
2/10/2024 10:28:43,779,735,Polyalthia longifolia (Ashoka),-,-,0,-,-
2/10/2024 10:25:31,780,736,Unidentified / Other,-,-,0,-,-
2/10/2024 10:26:59,781,737,Samanea saman (Rain tree),198865265,Birds,2,Flying,-
2/10/2024 10:03:49,782,738,Samanea saman (Rain tree),198865265,Birds,2,Flying,-
2/10/2024 10:29:45,783,739,Ecbolium viride (Blue Fox Tail),-,-,0,-,-
2/10/2024 10:27:42,784,740,Ecbolium viride (Blue Fox Tail),198865846,Birds,2,Resting,-
2/10/2024 10:31:02,785,741,Nerium oleander (Oleander),-,-,0,-,-
2/10/2024 10:31:43,786,742,Mangifera indica (Mango - all varieties),-,-,0,-,-
2/10/2024 10:32:05,787,743,Mirabilis jalapa (Four o'clocks),-,-,0,-,-
2/10/2024 10:32:27,788,744,Hamelia patens (Scarlet bush),-,-,0,-,-
2/10/2024 10:33:05,789,745,Peltophorum pterocarpum (Copperpod),-,-,0,-,-
2/10/2024 10:35:10,790,746,Peltophorum pterocarpum (Copperpod),-,-,0,-,-
2/10/2024 10:41:46,791,747,Unidentified / Other,-,-,0,-,-
2/10/2024 10:41:49,792,748,Unidentified / Other,-,-,0,-,-
2/10/2024 14:21:23,793,749,Terminalia catappa (Indian Almond),-,-,0,-,-
2/10/2024 9:03:05,794,750,Samanea saman (Rain tree),-,-,0,-,-
2/10/2024 9:05:10,795,751,Samanea saman (Rain tree),-,-,0,-,-
2/10/2024 9:49:30,796,752,Unidentified / Other,-,-,0,-,-
2/10/2024 6:07:45,797,753,Unidentified / Other,-,Other Insects / Animals,1,Resting,-